Time,SampleCounts
1503579604,20
1503579605,20
1503579606,20
1503579607,20
1503579608,19
1503579609,20
1503579610,20
1503579611,20
1503579612,20
1503579613,20
1503579614,20
1503579615,20
1503579616,20
1503579617,20
1503579618,20
1503579619,20
1503579620,20
1503579621,20
1503579622,20
1503579623,20
1503579624,20
1503579625,20
1503579626,20
1503579627,20
1503579628,19
1503579629,20
1503579630,20
1503579631,20
1503579632,20
1503579633,20
1503579634,20
1503579635,20
1503579636,20
1503579637,20
1503579638,20
1503579639,20
1503579640,20
1503579641,20
1503579642,20
1503579643,20
1503579644,20
1503579645,20
1503579646,20
1503579647,20
1503579648,19
1503579649,20
1503579650,20
1503579651,20
1503579652,20
1503579653,20
1503579654,20
1503579655,20
1503579656,20
1503579657,20
1503579658,20
1503579659,20
1503579660,20
1503579661,20
1503579662,20
1503579663,20
1503579664,20
1503579665,20
1503579666,20
1503579667,20
1503579668,20
1503579669,20
1503579670,20
1503579671,20
1503579672,20
1503579673,19
1503579674,20
1503579675,20
1503579676,20
1503579677,20
1503579678,20
1503579679,20
1503579680,20
1503579681,20
1503579682,20
1503579683,20
1503579684,20
1503579685,20
1503579686,20
1503579687,20
1503579688,20
1503579689,20
1503579690,20
1503579691,20
1503579692,20
1503579693,20
1503579694,20
1503579695,20
1503579696,20
1503579697,20
1503579698,20
1503579699,20
1503579700,19
1503579701,20
1503579702,20
1503579703,20
1503579704,20
1503579705,20
1503579706,20
1503579707,20
1503579708,20
1503579709,20
1503579710,20
1503579711,20
1503579712,20
1503579713,20
1503579714,20
1503579715,20
1503579716,20
1503579717,19
1503579718,20
1503579719,20
1503579720,20
1503579721,20
1503579722,20
1503579723,20
1503579724,20
1503579725,20
1503579726,20
1503579727,20
1503579728,20
1503579729,20
1503579730,20
1503579731,20
1503579732,20
1503579733,20
1503579734,20
1503579735,20
1503579736,20
1503579737,20
1503579738,20
1503579739,20
1503579740,20
1503579741,20
1503579742,20
1503579743,20
1503579744,20
1503579745,20
1503579746,20
1503579747,20
1503579748,20
1503579749,20
1503579750,19
1503579751,20
1503579752,20
1503579753,20
1503579754,20
1503579755,20
1503579756,20
1503579757,20
1503579758,20
1503579759,20
1503579760,20
1503579761,20
1503579762,20
1503579763,20
1503579764,20
1503579765,20
1503579766,20
1503579767,20
1503579768,20
1503579769,20
1503579770,20
1503579771,20
1503579772,20
1503579773,20
1503579774,20
1503579775,20
1503579776,20
1503579777,20
1503579778,19
1503579779,20
1503579780,20
1503579781,20
1503579782,20
1503579783,20
1503579784,20
1503579785,20
1503579786,20
1503579787,20
1503579788,20
1503579789,20
1503579790,20
1503579791,20
1503579792,20
1503579793,20
1503579794,20
1503579795,20
1503579796,20
1503579797,19
1503579798,20
1503579799,20
1503579800,20
1503579801,20
1503579802,20
1503579803,20
1503579804,20
1503579805,20
1503579806,20
1503579807,20
1503579808,20
1503579809,20
1503579810,20
1503579811,20
1503579812,20
1503579813,20
1503579814,20
1503579815,20
1503579816,20
1503579817,20
1503579818,20
1503579819,20
1503579820,20
1503579821,20
1503579822,20
1503579823,20
1503579824,20
1503579825,20
1503579826,20
1503579827,20
1503579828,20
1503579829,20
1503579830,19
1503579831,20
1503579832,20
1503579833,20
1503579834,20
1503579835,20
1503579836,20
1503579837,20
1503579838,20
1503579839,20
1503579840,20
1503579841,20
1503579842,20
1503579843,20
1503579844,20
1503579845,20
1503579846,20
1503579847,20
1503579848,20
1503579849,20
1503579850,20
1503579851,20
1503579852,20
1503579853,20
1503579854,20
1503579855,20
1503579856,20
1503579857,20
1503579858,20
1503579859,20
1503579860,20
1503579861,20
1503579862,20
1503579863,20
1503579864,20
1503579865,20
1503579866,20
1503579867,20
1503579868,19
1503579869,20
1503579870,20
1503579871,20
1503579872,20
1503579873,20
1503579874,20
1503579875,20
1503579876,20
1503579877,20
1503579878,20
1503579879,20
1503579880,20
1503579881,20
1503579882,20
1503579883,20
1503579884,20
1503579885,20
1503579886,20
1503579887,20
1503579888,20
1503579889,20
1503579890,20
1503579891,20
1503579892,20
1503579893,20
1503579894,20
1503579895,20
1503579896,20
1503579897,20
1503579898,19
1503579899,20
1503579900,20
1503579901,20
1503579902,20
1503579903,20
1503579904,20
1503579905,20
1503579906,20
1503579907,20
1503579908,20
1503579909,20
1503579910,20
1503579911,20
1503579912,20
1503579913,20
1503579914,20
1503579915,20
1503579916,20
1503579917,20
1503579918,20
1503579919,20
1503579920,20
1503579921,20
1503579922,20
1503579923,20
1503579924,20
1503579925,20
1503579926,19
1503579927,20
1503579928,20
1503579929,20
1503579930,20
1503579931,20
1503579932,20
1503579933,20
1503579934,20
1503579935,20
1503579936,20
1503579937,20
1503579938,20
1503579939,20
1503579940,20
1503579941,20
1503579942,20
1503579943,20
1503579944,20
1503579945,20
1503579946,20
1503579947,20
1503579948,20
1503579949,20
1503579950,20
1503579951,20
1503579952,19
1503579953,20
1503579954,20
1503579955,20
1503579956,20
1503579957,20
1503579958,20
1503579959,20
1503579960,20
1503579961,20
1503579962,20
1503579963,20
1503579964,20
1503579965,20
1503579966,20
1503579967,20
1503579968,20
1503579969,20
1503579970,20
1503579971,20
1503579972,20
1503579973,20
1503579974,20
1503579975,20
1503579976,20
1503579977,20
1503579978,20
1503579979,20
1503579980,20
1503579981,20
1503579982,20
1503579983,20
1503579984,20
1503579985,20
1503579986,19
1503579987,20
1503579988,20
1503579989,20
1503579990,20
1503579991,20
1503579992,20
1503579993,20
1503579994,20
1503579995,20
1503579996,20
1503579997,20
1503579998,20
1503579999,20
1503580000,20
1503580001,20
1503580002,20
1503580003,20
1503580004,20
1503580005,20
1503580006,20
1503580007,20
1503580008,20
1503580009,20
1503580010,20
1503580011,20
1503580012,20
1503580013,20
1503580014,20
1503580015,20
1503580016,20
1503580017,20
1503580018,20
1503580019,20
1503580020,20
1503580021,20
1503580022,20
1503580023,20
1503580024,20
1503580025,20
1503580026,20
1503580027,20
1503580028,20
1503580029,20
1503580030,20
1503580031,20
1503580032,19
1503580033,20
1503580034,20
1503580035,20
1503580036,20
1503580037,20
1503580038,20
1503580039,20
1503580040,20
1503580041,20
1503580042,20
1503580043,20
1503580044,20
1503580045,20
1503580046,20
1503580047,20
1503580048,20
1503580049,20
1503580050,20
1503580051,20
1503580052,20
1503580053,20
1503580054,20
1503580055,20
1503580056,20
1503580057,20
1503580058,20
1503580059,20
1503580060,20
1503580061,20
1503580062,20
1503580063,20
1503580064,20
1503580065,20
1503580066,20
1503580067,20
1503580068,20
1503580069,20
1503580070,20
1503580071,20
1503580072,20
1503580073,20
1503580074,20
1503580075,20
1503580076,20
1503580077,20
1503580078,20
1503580079,20
1503580080,20
1503580081,20
1503580082,20
1503580083,19
1503580084,20
1503580085,20
1503580086,20
1503580087,20
1503580088,20
1503580089,20
1503580090,20
1503580091,20
1503580092,20
1503580093,20
1503580094,20
1503580095,20
1503580096,20
1503580097,20
1503580098,20
1503580099,20
1503580100,20
1503580101,20
1503580102,20
1503580103,20
1503580104,20
1503580105,20
1503580106,20
1503580107,20
1503580108,20
1503580109,20
1503580110,20
1503580111,20
1503580112,20
1503580113,20
1503580114,20
1503580115,20
1503580116,20
1503580117,20
1503580118,20
1503580119,20
1503580120,20
1503580121,20
1503580122,20
1503580123,20
1503580124,20
1503580125,20
1503580126,20
1503580127,20
1503580128,20
1503580129,20
1503580130,20
1503580131,20
1503580132,20
1503580133,20
1503580134,20
1503580135,20
1503580136,20
1503580137,20
1503580138,19
1503580139,20
1503580140,20
1503580141,20
1503580142,20
1503580143,20
1503580144,20
1503580145,20
1503580146,20
1503580147,20
1503580148,20
1503580149,20
1503580150,20
1503580151,20
1503580152,20
1503580153,20
1503580154,20
1503580155,20
1503580156,20
1503580157,20
1503580158,20
1503580159,20
1503580160,20
1503580161,20
1503580162,20
1503580163,20
1503580164,20
1503580165,20
1503580166,20
1503580167,20
1503580168,20
1503580169,20
1503580170,20
1503580171,20
1503580172,20
1503580173,20
1503580174,20
1503580175,20
1503580176,20
1503580177,20
1503580178,20
1503580179,20
1503580180,20
1503580181,20
1503580182,20
1503580183,20
1503580184,20
1503580185,20
1503580186,20
1503580187,20
1503580188,20
1503580189,20
1503580190,20
1503580191,20
1503580192,20
1503580193,20
1503580194,20
1503580195,20
1503580196,20
1503580197,20
1503580198,19
1503580199,20
1503580200,20
1503580201,20
1503580202,20
1503580203,20
1503580204,20
1503580205,20
1503580206,20
1503580207,20
1503580208,20
1503580209,20
1503580210,20
1503580211,20
1503580212,20
1503580213,20
1503580214,20
1503580215,20
1503580216,20
1503580217,20
1503580218,20
1503580219,20
1503580220,20
1503580221,20
1503580222,20
1503580223,20
1503580224,20
1503580225,20
1503580226,20
1503580227,20
1503580228,20
1503580229,20
1503580230,20
1503580231,20
1503580232,20
1503580233,20
1503580234,20
1503580235,20
1503580236,20
1503580237,20
1503580238,20
1503580239,20
1503580240,20
1503580241,20
1503580242,20
1503580243,20
1503580244,20
1503580245,20
1503580246,20
1503580247,20
1503580248,20
1503580249,20
1503580250,20
1503580251,20
1503580252,20
1503580253,20
1503580254,20
1503580255,20
1503580256,20
1503580257,19
1503580258,20
1503580259,20
1503580260,20
1503580261,20
1503580262,20
1503580263,20
1503580264,20
1503580265,20
1503580266,20
1503580267,20
1503580268,20
1503580269,20
1503580270,20
1503580271,20
1503580272,20
1503580273,20
1503580274,20
1503580275,20
1503580276,20
1503580277,20
1503580278,20
1503580279,20
1503580280,20
1503580281,20
1503580282,20
1503580283,20
1503580284,20
1503580285,20
1503580286,20
1503580287,20
1503580288,20
1503580289,20
1503580290,20
1503580291,20
1503580292,20
1503580293,20
1503580294,20
1503580295,20
1503580296,20
1503580297,20
1503580298,20
1503580299,20
1503580300,20
1503580301,20
1503580302,20
1503580303,20
1503580304,20
1503580305,20
1503580306,20
1503580307,20
1503580308,20
1503580309,20
1503580310,20
1503580311,20
1503580312,19
1503580313,21
1503580314,19
1503580315,20
1503580316,20
1503580317,20
1503580318,20
1503580319,20
1503580320,20
1503580321,20
1503580322,20
1503580323,20
1503580324,20
1503580325,20
1503580326,20
1503580327,20
1503580328,20
1503580329,20
1503580330,20
1503580331,20
1503580332,20
1503580333,20
1503580334,20
1503580335,20
1503580336,20
1503580337,20
1503580338,20
1503580339,20
1503580340,20
1503580341,20
1503580342,20
1503580343,20
1503580344,20
1503580345,20
1503580346,20
1503580347,20
1503580348,20
1503580349,20
1503580350,20
1503580351,20
1503580352,20
1503580353,19
1503580354,20
1503580355,20
1503580356,20
1503580357,20
1503580358,20
1503580359,20
1503580360,20
1503580361,20
1503580362,20
1503580363,20
1503580364,20
1503580365,20
1503580366,20
1503580367,20
1503580368,20
1503580369,20
1503580370,20
1503580371,20
1503580372,20
1503580373,20
1503580374,20
1503580375,20
1503580376,20
1503580377,20
1503580378,20
1503580379,20
1503580380,20
1503580381,20
1503580382,20
1503580383,20
1503580384,20
1503580385,19
1503580386,20
1503580387,20
1503580388,20
1503580389,20
1503580390,20
1503580391,20
1503580392,20
1503580393,20
1503580394,20
1503580395,20
1503580396,20
1503580397,20
1503580398,20
1503580399,20
1503580400,20
1503580401,20
1503580402,20
1503580403,20
1503580404,20
1503580405,20
1503580406,20
1503580407,20
1503580408,20
1503580409,20
1503580410,20
1503580411,20
1503580412,20
1503580413,19
1503580414,20
1503580415,20
1503580416,20
1503580417,20
1503580418,20
1503580419,20
1503580420,20
1503580421,20
1503580422,20
1503580423,20
1503580424,20
1503580425,20
1503580426,20
1503580427,20
1503580428,20
1503580429,20
1503580430,20
1503580431,20
1503580432,20
1503580433,20
1503580434,20
1503580435,20
1503580436,20
1503580437,20
1503580438,20
1503580439,19
1503580440,20
1503580441,20
1503580442,20
1503580443,20
1503580444,20
1503580445,20
1503580446,20
1503580447,20
1503580448,20
1503580449,20
1503580450,20
1503580451,20
1503580452,20
1503580453,20
1503580454,20
1503580455,20
1503580456,20
1503580457,20
1503580458,20
1503580459,20
1503580460,20
1503580461,20
1503580462,20
1503580463,20
1503580464,20
1503580465,20
1503580466,19
1503580467,20
1503580468,20
1503580469,20
1503580470,20
1503580471,20
1503580472,20
1503580473,20
1503580474,20
1503580475,20
1503580476,20
1503580477,20
1503580478,20
1503580479,20
1503580480,20
1503580481,20
1503580482,20
1503580483,20
1503580484,20
1503580485,20
1503580486,20
1503580487,20
1503580488,19
1503580489,20
1503580490,20
1503580491,20
1503580492,20
1503580493,20
1503580494,20
1503580495,20
1503580496,20
1503580497,20
1503580498,20
1503580499,20
1503580500,20
1503580501,20
1503580502,20
1503580503,20
1503580504,20
1503580505,20
1503580506,20
1503580507,20
1503580508,20
1503580509,20
1503580510,20
1503580511,20
1503580512,20
1503580513,19
1503580514,20
1503580515,20
1503580516,20
1503580517,20
1503580518,20
1503580519,20
1503580520,20
1503580521,20
1503580522,20
1503580523,20
1503580524,20
1503580525,20
1503580526,20
1503580527,20
1503580528,20
1503580529,20
1503580530,20
1503580531,20
1503580532,20
1503580533,20
1503580534,19
1503580535,20
1503580536,20
1503580537,20
1503580538,20
1503580539,20
1503580540,20
1503580541,20
1503580542,20
1503580543,20
1503580544,20
1503580545,20
1503580546,20
1503580547,20
1503580548,20
1503580549,20
1503580550,20
1503580551,20
1503580552,20
1503580553,20
1503580554,20
1503580555,19
1503580556,20
1503580557,20
1503580558,20
1503580559,20
1503580560,20
1503580561,20
1503580562,20
1503580563,20
1503580564,20
1503580565,20
1503580566,20
1503580567,20
1503580568,20
1503580569,20
1503580570,20
1503580571,20
1503580572,20
1503580573,20
1503580574,20
1503580575,20
1503580576,20
1503580577,19
1503580578,20
1503580579,20
1503580580,20
1503580581,20
1503580582,20
1503580583,20
1503580584,20
1503580585,20
1503580586,20
1503580587,20
1503580588,20
1503580589,20
1503580590,20
1503580591,20
1503580592,20
1503580593,20
1503580594,20
1503580595,19
1503580596,20
1503580597,20
1503580598,20
1503580599,20
1503580600,20
1503580601,20
1503580602,20
1503580603,20
1503580604,20
1503580605,20
1503580606,20
1503580607,20
1503580608,20
1503580609,20
1503580610,20
1503580611,20
1503580612,20
1503580613,20
1503580614,19
1503580615,20
1503580616,20
1503580617,20
1503580618,20
1503580619,20
1503580620,20
1503580621,20
1503580622,20
1503580623,20
1503580624,20
1503580625,20
1503580626,20
1503580627,20
1503580628,20
1503580629,20
1503580630,20
1503580631,20
1503580632,20
1503580633,20
1503580634,19
1503580635,20
1503580636,20
1503580637,20
1503580638,20
1503580639,20
1503580640,20
1503580641,20
1503580642,20
1503580643,20
1503580644,20
1503580645,20
1503580646,20
1503580647,20
1503580648,20
1503580649,20
1503580650,20
1503580651,20
1503580652,20
1503580653,20
1503580654,19
1503580655,20
1503580656,20
1503580657,20
1503580658,20
1503580659,20
1503580660,20
1503580661,20
1503580662,20
1503580663,20
1503580664,20
1503580665,20
1503580666,20
1503580667,20
1503580668,20
1503580669,20
1503580670,20
1503580671,20
1503580672,20
1503580673,19
1503580674,20
1503580675,20
1503580676,20
1503580677,20
1503580678,20
1503580679,20
1503580680,20
1503580681,20
1503580682,20
1503580683,20
1503580684,20
1503580685,20
1503580686,20
1503580687,20
1503580688,20
1503580689,20
1503580690,20
1503580691,20
1503580692,19
1503580693,20
1503580694,20
1503580695,20
1503580696,20
1503580697,20
1503580698,20
1503580699,20
1503580700,20
1503580701,20
1503580702,20
1503580703,20
1503580704,20
1503580705,20
1503580706,20
1503580707,20
1503580708,20
1503580709,20
1503580710,19
1503580711,20
1503580712,20
1503580713,20
1503580714,20
1503580715,20
1503580716,20
1503580717,20
1503580718,20
1503580719,20
1503580720,20
1503580721,20
1503580722,20
1503580723,20
1503580724,20
1503580725,20
1503580726,20
1503580727,20
1503580728,19
1503580729,20
1503580730,20
1503580731,20
1503580732,20
1503580733,20
1503580734,20
1503580735,20
1503580736,20
1503580737,20
1503580738,20
1503580739,20
1503580740,20
1503580741,20
1503580742,20
1503580743,20
1503580744,20
1503580745,20
1503580746,19
1503580747,20
1503580748,20
1503580749,20
1503580750,20
1503580751,20
1503580752,20
1503580753,20
1503580754,20
1503580755,20
1503580756,20
1503580757,20
1503580758,20
1503580759,20
1503580760,20
1503580761,20
1503580762,20
1503580763,19
1503580764,20
1503580765,20
1503580766,20
1503580767,20
1503580768,20
1503580769,20
1503580770,20
1503580771,20
1503580772,20
1503580773,20
1503580774,20
1503580775,20
1503580776,20
1503580777,20
1503580778,19
1503580779,20
1503580780,20
1503580781,20
1503580782,20
1503580783,20
1503580784,20
1503580785,20
1503580786,20
1503580787,20
1503580788,20
1503580789,20
1503580790,20
1503580791,20
1503580792,20
1503580793,20
1503580794,20
1503580795,19
1503580796,20
1503580797,20
1503580798,20
1503580799,20
1503580800,20
1503580801,20
1503580802,20
1503580803,20
1503580804,20
1503580805,20
1503580806,20
1503580807,20
1503580808,20
1503580809,20
1503580810,20
1503580811,19
1503580812,20
1503580813,20
1503580814,20
1503580815,20
1503580816,20
1503580817,20
1503580818,20
1503580819,20
1503580820,20
1503580821,20
1503580822,20
1503580823,20
1503580824,20
1503580825,20
1503580826,20
1503580827,20
1503580828,19
1503580829,20
1503580830,20
1503580831,20
1503580832,20
1503580833,20
1503580834,20
1503580835,20
1503580836,20
1503580837,20
1503580838,20
1503580839,20
1503580840,20
1503580841,20
1503580842,20
1503580843,19
1503580844,20
1503580845,20
1503580846,20
1503580847,20
1503580848,20
1503580849,20
1503580850,20
1503580851,20
1503580852,20
1503580853,20
1503580854,20
1503580855,20
1503580856,20
1503580857,20
1503580858,20
1503580859,20
1503580860,19
1503580861,20
1503580862,20
1503580863,20
1503580864,20
1503580865,20
1503580866,20
1503580867,20
1503580868,20
1503580869,20
1503580870,20
1503580871,20
1503580872,20
1503580873,20
1503580874,20
1503580875,20
1503580876,19
1503580877,20
1503580878,20
1503580879,20
1503580880,20
1503580881,20
1503580882,20
1503580883,20
1503580884,20
1503580885,20
1503580886,20
1503580887,20
1503580888,20
1503580889,20
1503580890,19
1503580891,20
1503580892,20
1503580893,20
1503580894,20
1503580895,20
1503580896,20
1503580897,20
1503580898,20
1503580899,20
1503580900,20
1503580901,20
1503580902,20
1503580903,20
1503580904,20
1503580905,20
1503580906,19
1503580907,20
1503580908,20
1503580909,20
1503580910,20
1503580911,20
1503580912,20
1503580913,20
1503580914,20
1503580915,20
1503580916,20
1503580917,20
1503580918,20
1503580919,20
1503580920,20
1503580921,20
1503580922,19
1503580923,20
1503580924,20
1503580925,20
1503580926,20
1503580927,20
1503580928,20
1503580929,20
1503580930,20
1503580931,20
1503580932,20
1503580933,20
1503580934,20
1503580935,20
1503580936,20
1503580937,19
1503580938,20
1503580939,20
1503580940,20
1503580941,20
1503580942,20
1503580943,20
1503580944,20
1503580945,20
1503580946,20
1503580947,20
1503580948,20
1503580949,20
1503580950,20
1503580951,20
1503580952,20
1503580953,20
1503580954,19
1503580955,20
1503580956,20
1503580957,20
1503580958,20
1503580959,20
1503580960,20
1503580961,20
1503580962,20
1503580963,20
1503580964,20
1503580965,20
1503580966,20
1503580967,20
1503580968,20
1503580969,19
1503580970,20
1503580971,20
1503580972,20
1503580973,20
1503580974,20
1503580975,20
1503580976,20
1503580977,20
1503580978,89
1503580979,80
1503580980,20
1503580981,20
1503580982,20
1503580983,20
1503580984,20
1503580985,20
1503580986,20
1503580987,20
1503580988,20
1503580989,20
1503580990,20
1503580991,20
1503580992,19
1503580993,20
1503580994,20
1503580995,20
1503580996,20
1503580997,20
1503580998,20
1503580999,20
1503581000,20
1503581001,20
1503581002,20
1503581003,20
1503581004,20
1503581005,20
1503581006,20
1503581007,20
1503581008,20
1503581009,20
1503581010,20
1503581011,20
1503581012,20
1503581013,20
1503581014,19
1503581015,20
1503581016,20
1503581017,20
1503581018,20
1503581019,20
1503581020,20
1503581021,20
1503581022,20
1503581023,20
1503581024,20
1503581025,20
1503581026,20
1503581027,20
1503581028,20
1503581029,20
1503581030,20
1503581031,20
1503581032,20
1503581033,20
1503581034,20
1503581035,20
1503581036,19
1503581037,20
1503581038,20
1503581039,20
1503581040,20
1503581041,20
1503581042,20
1503581043,20
1503581044,20
1503581045,20
1503581046,20
1503581047,20
1503581048,20
1503581049,20
1503581050,20
1503581051,20
1503581052,20
1503581053,20
1503581054,20
1503581055,20
1503581056,20
1503581057,19
1503581058,20
1503581059,20
1503581060,20
1503581061,20
1503581062,20
1503581063,20
1503581064,20
1503581065,20
1503581066,20
1503581067,20
1503581068,20
1503581069,20
1503581070,20
1503581071,20
1503581072,20
1503581073,20
1503581074,20
1503581075,20
1503581076,20
1503581077,20
1503581078,20
1503581079,19
1503581080,20
1503581081,20
1503581082,20
1503581083,20
1503581084,20
1503581085,20
1503581086,20
1503581087,20
1503581088,20
1503581089,20
1503581090,20
1503581091,20
1503581092,20
1503581093,20
1503581094,20
1503581095,20
1503581096,20
1503581097,20
1503581098,20
1503581099,19
1503581100,20
1503581101,20
1503581102,20
1503581103,20
1503581104,20
1503581105,20
1503581106,20
1503581107,20
1503581108,20
1503581109,20
1503581110,20
1503581111,20
1503581112,20
1503581113,20
1503581114,20
1503581115,20
1503581116,20
1503581117,20
1503581118,20
1503581119,20
1503581120,19
1503581121,20
1503581122,20
1503581123,20
1503581124,20
1503581125,20
1503581126,20
1503581127,20
1503581128,20
1503581129,20
1503581130,20
1503581131,20
1503581132,20
1503581133,20
1503581134,20
1503581135,20
1503581136,20
1503581137,20
1503581138,20
1503581139,20
1503581140,20
1503581141,19
1503581142,20
1503581143,20
1503581144,20
1503581145,20
1503581146,20
1503581147,20
1503581148,20
1503581149,20
1503581150,20
1503581151,20
1503581152,20
1503581153,20
1503581154,20
1503581155,20
1503581156,20
1503581157,20
1503581158,20
1503581159,20
1503581160,20
1503581161,20
1503581162,19
1503581163,20
1503581164,20
1503581165,20
1503581166,20
1503581167,20
1503581168,20
1503581169,20
1503581170,20
1503581171,20
1503581172,20
1503581173,20
1503581174,20
1503581175,20
1503581176,20
1503581177,20
1503581178,20
1503581179,20
1503581180,20
1503581181,20
1503581182,20
1503581183,20
1503581184,20
1503581185,19
1503581186,20
1503581187,20
1503581188,20
1503581189,20
1503581190,20
1503581191,20
1503581192,20
1503581193,20
1503581194,20
1503581195,20
1503581196,20
1503581197,20
1503581198,20
1503581199,20
1503581200,20
1503581201,20
1503581202,20
1503581203,20
1503581204,20
1503581205,20
1503581206,20
1503581207,19
1503581208,20
1503581209,20
1503581210,20
1503581211,20
1503581212,20
1503581213,20
1503581214,20
1503581215,20
1503581216,20
1503581217,20
1503581218,20
1503581219,20
1503581220,20
1503581221,20
1503581222,20
1503581223,20
1503581224,20
1503581225,20
1503581226,20
1503581227,20
1503581228,20
1503581229,20
1503581230,20
1503581231,19
1503581232,20
1503581233,20
1503581234,20
1503581235,20
1503581236,20
1503581237,20
1503581238,20
1503581239,20
1503581240,20
1503581241,20
1503581242,20
1503581243,20
1503581244,20
1503581245,20
1503581246,20
1503581247,20
1503581248,20
1503581249,20
1503581250,20
1503581251,20
1503581252,20
1503581253,20
1503581254,20
1503581255,19
1503581256,20
1503581257,20
1503581258,20
1503581259,20
1503581260,20
1503581261,20
1503581262,20
1503581263,20
1503581264,20
1503581265,20
1503581266,20
1503581267,20
1503581268,20
1503581269,20
1503581270,20
1503581271,20
1503581272,20
1503581273,20
1503581274,20
1503581275,20
1503581276,19
1503581277,20
1503581278,20
1503581279,20
1503581280,20
1503581281,20
1503581282,20
1503581283,20
1503581284,20
1503581285,20
1503581286,20
1503581287,20
1503581288,20
1503581289,20
1503581290,20
1503581291,20
1503581292,20
1503581293,20
1503581294,20
1503581295,20
1503581296,20
1503581297,20
1503581298,20
1503581299,20
1503581300,19
1503581301,20
1503581302,20
1503581303,20
1503581304,20
1503581305,20
1503581306,20
1503581307,20
1503581308,20
1503581309,20
1503581310,20
1503581311,20
1503581312,20
1503581313,20
1503581314,20
1503581315,20
1503581316,20
1503581317,20
1503581318,20
1503581319,20
1503581320,20
1503581321,20
1503581322,19
1503581323,20
1503581324,20
1503581325,20
1503581326,20
1503581327,20
1503581328,20
1503581329,20
1503581330,20
1503581331,20
1503581332,20
1503581333,20
1503581334,20
1503581335,20
1503581336,20
1503581337,20
1503581338,20
1503581339,20
1503581340,20
1503581341,20
1503581342,20
1503581343,20
1503581344,20
1503581345,19
1503581346,20
1503581347,20
1503581348,20
1503581349,20
1503581350,20
1503581351,20
1503581352,20
1503581353,20
1503581354,20
1503581355,20
1503581356,20
1503581357,20
1503581358,20
1503581359,20
1503581360,20
1503581361,20
1503581362,20
1503581363,20
1503581364,20
1503581365,20
1503581366,19
1503581367,20
1503581368,20
1503581369,20
1503581370,20
1503581371,20
1503581372,20
1503581373,20
1503581374,20
1503581375,20
1503581376,20
1503581377,20
1503581378,20
1503581379,20
1503581380,20
1503581381,20
1503581382,20
1503581383,20
1503581384,20
1503581385,20
1503581386,20
1503581387,20
1503581388,19
1503581389,20
1503581390,20
1503581391,20
1503581392,20
1503581393,20
1503581394,20
1503581395,20
1503581396,20
1503581397,20
1503581398,20
1503581399,20
1503581400,20
1503581401,20
1503581402,20
1503581403,20
1503581404,20
1503581405,20
1503581406,20
1503581407,20
1503581408,20
1503581409,20
1503581410,20
1503581411,19
1503581412,20
1503581413,20
1503581414,20
1503581415,20
1503581416,20
1503581417,20
1503581418,20
1503581419,20
1503581420,20
1503581421,20
1503581422,20
1503581423,20
1503581424,20
1503581425,20
1503581426,20
1503581427,20
1503581428,20
1503581429,20
1503581430,20
1503581431,20
1503581432,19
1503581433,20
1503581434,20
1503581435,20
1503581436,20
1503581437,20
1503581438,20
1503581439,20
1503581440,20
1503581441,20
1503581442,20
1503581443,20
1503581444,20
1503581445,20
1503581446,20
1503581447,20
1503581448,20
1503581449,20
1503581450,20
1503581451,20
1503581452,20
1503581453,20
1503581454,19
1503581455,20
1503581456,20
1503581457,20
1503581458,20
1503581459,20
1503581460,20
1503581461,20
1503581462,20
1503581463,20
1503581464,20
1503581465,20
1503581466,20
1503581467,20
1503581468,20
1503581469,20
1503581470,20
1503581471,20
1503581472,19
1503581473,20
1503581474,20
1503581475,20
1503581476,20
1503581477,20
1503581478,20
1503581479,20
1503581480,20
1503581481,20
1503581482,20
1503581483,20
1503581484,20
1503581485,20
1503581486,20
1503581487,20
1503581488,20
1503581489,20
1503581490,20
1503581491,20
1503581492,20
1503581493,19
1503581494,20
1503581495,20
1503581496,20
1503581497,20
1503581498,20
1503581499,20
1503581500,20
1503581501,20
1503581502,20
1503581503,20
1503581504,20
1503581505,20
1503581506,20
1503581507,20
1503581508,20
1503581509,20
1503581510,20
1503581511,20
1503581512,20
1503581513,20
1503581514,20
1503581515,20
1503581516,20
1503581517,20
1503581518,20
1503581519,20
1503581520,19
1503581521,20
1503581522,20
1503581523,20
1503581524,20
1503581525,20
1503581526,20
1503581527,20
1503581528,20
1503581529,20
1503581530,20
1503581531,20
1503581532,20
1503581533,20
1503581534,20
1503581535,20
1503581536,20
1503581537,20
1503581538,20
1503581539,20
1503581540,20
1503581541,20
1503581542,20
1503581543,20
1503581544,20
1503581545,20
1503581546,20
1503581547,20
1503581548,19
1503581549,20
1503581550,20
1503581551,20
1503581552,20
1503581553,20
1503581554,20
1503581555,20
1503581556,20
1503581557,20
1503581558,20
1503581559,20
1503581560,20
1503581561,20
1503581562,20
1503581563,20
1503581564,20
1503581565,20
1503581566,20
1503581567,20
1503581568,20
1503581569,20
1503581570,20
1503581571,20
1503581572,20
1503581573,20
1503581574,20
1503581575,20
1503581576,20
1503581577,20
1503581578,20
1503581579,20
1503581580,19
1503581581,20
1503581582,20
1503581583,20
1503581584,20
1503581585,20
1503581586,20
1503581587,20
1503581588,20
1503581589,20
1503581590,20
1503581591,20
1503581592,20
1503581593,20
1503581594,20
1503581595,20
1503581596,20
1503581597,20
1503581598,20
1503581599,20
1503581600,20
1503581601,20
1503581602,20
1503581603,20
1503581604,20
1503581605,20
1503581606,20
1503581607,20
1503581608,20
1503581609,20
1503581610,20
1503581611,19
1503581612,20
1503581613,20
1503581614,20
1503581615,20
1503581616,20
1503581617,20
1503581618,20
1503581619,20
1503581620,20
1503581621,20
1503581622,20
1503581623,20
1503581624,20
1503581625,20
1503581626,20
1503581627,20
1503581628,20
1503581629,20
1503581630,20
1503581631,20
1503581632,20
1503581633,20
1503581634,20
1503581635,20
1503581636,20
1503581637,20
1503581638,20
1503581639,20
1503581640,20
1503581641,20
1503581642,20
1503581643,20
1503581644,19
1503581645,20
1503581646,20
1503581647,20
1503581648,20
1503581649,20
1503581650,20
1503581651,20
1503581652,20
1503581653,20
1503581654,20
1503581655,20
1503581656,20
1503581657,20
1503581658,20
1503581659,20
1503581660,20
1503581661,20
1503581662,20
1503581663,20
1503581664,20
1503581665,20
1503581666,20
1503581667,20
1503581668,20
1503581669,20
1503581670,20
1503581671,20
1503581672,20
1503581673,20
1503581674,20
1503581675,20
1503581676,20
1503581677,19
1503581678,20
1503581679,20
1503581680,20
1503581681,20
1503581682,20
1503581683,20
1503581684,20
1503581685,20
1503581686,20
1503581687,20
1503581688,20
1503581689,20
1503581690,20
1503581691,20
1503581692,20
1503581693,20
1503581694,20
1503581695,20
1503581696,20
1503581697,20
1503581698,20
1503581699,20
1503581700,20
1503581701,20
1503581702,20
1503581703,20
1503581704,20
1503581705,20
1503581706,20
1503581707,20
1503581708,20
1503581709,20
1503581710,19
1503581711,20
1503581712,20
1503581713,20
1503581714,20
1503581715,20
1503581716,20
1503581717,20
1503581718,20
1503581719,20
1503581720,20
1503581721,20
1503581722,20
1503581723,20
1503581724,20
1503581725,20
1503581726,20
1503581727,20
1503581728,20
1503581729,20
1503581730,20
1503581731,20
1503581732,20
1503581733,20
1503581734,20
1503581735,20
1503581736,20
1503581737,20
1503581738,20
1503581739,20
1503581740,20
1503581741,20
1503581742,20
1503581743,20
1503581744,20
1503581745,20
1503581746,19
1503581747,20
1503581748,20
1503581749,20
1503581750,20
1503581751,20
1503581752,20
1503581753,20
1503581754,20
1503581755,20
1503581756,20
1503581757,20
1503581758,20
1503581759,20
1503581760,20
1503581761,20
1503581762,20
1503581763,20
1503581764,20
1503581765,20
1503581766,20
1503581767,20
1503581768,20
1503581769,20
1503581770,20
1503581771,20
1503581772,20
1503581773,20
1503581774,20
1503581775,20
1503581776,20
1503581777,20
1503581778,20
1503581779,20
1503581780,20
1503581781,20
1503581782,19
1503581783,20
1503581784,20
1503581785,20
1503581786,20
1503581787,20
1503581788,20
1503581789,20
1503581790,20
1503581791,20
1503581792,20
1503581793,20
1503581794,20
1503581795,20
1503581796,20
1503581797,20
1503581798,20
1503581799,20
1503581800,20
1503581801,20
1503581802,20
1503581803,20
1503581804,20
1503581805,20
1503581806,20
1503581807,20
1503581808,20
1503581809,20
1503581810,20
1503581811,20
1503581812,20
1503581813,20
1503581814,20
1503581815,20
1503581816,20
1503581817,20
1503581818,19
1503581819,20
1503581820,20
1503581821,20
1503581822,20
1503581823,20
1503581824,20
1503581825,20
1503581826,20
1503581827,20
1503581828,20
1503581829,20
1503581830,20
1503581831,20
1503581832,20
1503581833,20
1503581834,20
1503581835,20
1503581836,20
1503581837,20
1503581838,20
1503581839,20
1503581840,20
1503581841,20
1503581842,20
1503581843,20
1503581844,20
1503581845,20
1503581846,20
1503581847,20
1503581848,20
1503581849,20
1503581850,20
1503581851,20
1503581852,20
1503581853,20
1503581854,20
1503581855,20
1503581856,20
1503581857,20
1503581858,20
1503581859,20
1503581860,20
1503581861,19
1503581862,20
1503581863,20
1503581864,20
1503581865,20
1503581866,20
1503581867,20
1503581868,20
1503581869,20
1503581870,20
1503581871,20
1503581872,20
1503581873,20
1503581874,20
1503581875,20
1503581876,20
1503581877,20
1503581878,20
1503581879,20
1503581880,20
1503581881,20
1503581882,20
1503581883,20
1503581884,20
1503581885,20
1503581886,20
1503581887,20
1503581888,20
1503581889,20
1503581890,20
1503581891,20
1503581892,20
1503581893,20
1503581894,20
1503581895,20
1503581896,20
1503581897,20
1503581898,20
1503581899,20
1503581900,20
1503581901,20
1503581902,20
1503581903,20
1503581904,20
1503581905,20
1503581906,20
1503581907,20
1503581908,20
1503581909,20
1503581910,20
1503581911,20
1503581912,19
1503581913,20
1503581914,20
1503581915,20
1503581916,20
1503581917,20
1503581918,20
1503581919,20
1503581920,20
1503581921,20
1503581922,20
1503581923,20
1503581924,20
1503581925,20
1503581926,20
1503581927,20
1503581928,20
1503581929,20
1503581930,20
1503581931,20
1503581932,20
1503581933,20
1503581934,20
1503581935,20
1503581936,20
1503581937,20
1503581938,20
1503581939,20
1503581940,20
1503581941,20
1503581942,20
1503581943,20
1503581944,20
1503581945,19
1503581946,20
1503581947,20
1503581948,20
1503581949,20
1503581950,20
1503581951,20
1503581952,20
1503581953,20
1503581954,20
1503581955,20
1503581956,20
1503581957,20
1503581958,20
1503581959,20
1503581960,20
1503581961,20
1503581962,20
1503581963,20
1503581964,20
1503581965,20
1503581966,20
1503581967,20
1503581968,20
1503581969,20
1503581970,20
1503581971,20
1503581972,20
1503581973,20
1503581974,20
1503581975,20
1503581976,20
1503581977,20
1503581978,19
1503581979,20
1503581980,20
1503581981,20
1503581982,20
1503581983,20
1503581984,20
1503581985,20
1503581986,20
1503581987,20
1503581988,20
1503581989,20
1503581990,20
1503581991,20
1503581992,20
1503581993,20
1503581994,20
1503581995,20
1503581996,20
1503581997,20
1503581998,20
1503581999,20
1503582000,20
1503582001,20
1503582002,20
1503582003,20
1503582004,20
1503582005,20
1503582006,20
1503582007,20
1503582008,20
1503582009,20
1503582010,20
1503582011,19
1503582012,20
1503582013,20
1503582014,20
1503582015,20
1503582016,20
1503582017,20
1503582018,20
1503582019,20
1503582020,20
1503582021,20
1503582022,20
1503582023,20
1503582024,20
1503582025,20
1503582026,20
1503582027,20
1503582028,20
1503582029,20
1503582030,20
1503582031,20
1503582032,20
1503582033,20
1503582034,20
1503582035,20
1503582036,20
1503582037,20
1503582038,20
1503582039,20
1503582040,20
1503582041,20
1503582042,20
1503582043,20
1503582044,20
1503582045,20
1503582046,20
1503582047,19
1503582048,20
1503582049,20
1503582050,20
1503582051,20
1503582052,20
1503582053,20
1503582054,20
1503582055,20
1503582056,20
1503582057,20
1503582058,20
1503582059,20
1503582060,20
1503582061,20
1503582062,20
1503582063,20
1503582064,20
1503582065,20
1503582066,20
1503582067,20
1503582068,20
1503582069,20
1503582070,20
1503582071,20
1503582072,20
1503582073,20
1503582074,20
1503582075,20
1503582076,20
1503582077,20
1503582078,20
1503582079,20
1503582080,20
1503582081,20
1503582082,20
1503582083,20
1503582084,20
1503582085,20
1503582086,20
1503582087,19
1503582088,20
1503582089,20
1503582090,20
1503582091,20
1503582092,20
1503582093,20
1503582094,20
1503582095,20
1503582096,20
1503582097,20
1503582098,20
1503582099,20
1503582100,20
1503582101,20
1503582102,20
1503582103,20
1503582104,20
1503582105,20
1503582106,20
1503582107,20
1503582108,20
1503582109,20
1503582110,20
1503582111,20
1503582112,20
1503582113,20
1503582114,20
1503582115,20
1503582116,20
1503582117,20
1503582118,20
1503582119,20
1503582120,20
1503582121,20
1503582122,20
1503582123,20
1503582124,20
1503582125,20
1503582126,20
1503582127,20
1503582128,20
1503582129,20
1503582130,19
1503582131,20
1503582132,20
1503582133,20
1503582134,20
1503582135,20
1503582136,20
1503582137,20
1503582138,20
1503582139,20
1503582140,20
1503582141,20
1503582142,20
1503582143,20
1503582144,20
1503582145,20
1503582146,20
1503582147,20
1503582148,20
1503582149,20
1503582150,20
1503582151,20
1503582152,20
1503582153,20
1503582154,20
1503582155,20
1503582156,20
1503582157,20
1503582158,20
1503582159,20
1503582160,20
1503582161,20
1503582162,20
1503582163,20
1503582164,20
1503582165,20
1503582166,20
1503582167,20
1503582168,19
1503582169,20
1503582170,20
1503582171,20
1503582172,20
1503582173,20
1503582174,20
1503582175,20
1503582176,20
1503582177,20
1503582178,20
1503582179,20
1503582180,20
1503582181,20
1503582182,20
1503582183,20
1503582184,20
1503582185,20
1503582186,20
1503582187,20
1503582188,20
1503582189,20
1503582190,20
1503582191,20
1503582192,20
1503582193,20
1503582194,20
1503582195,20
1503582196,20
1503582197,20
1503582198,20
1503582199,20
1503582200,20
1503582201,20
1503582202,20
1503582203,20
1503582204,20
1503582205,20
1503582206,19
1503582207,20
1503582208,20
1503582209,20
1503582210,20
1503582211,20
1503582212,20
1503582213,20
1503582214,20
1503582215,20
1503582216,20
1503582217,20
1503582218,20
1503582219,20
1503582220,20
1503582221,20
1503582222,20
1503582223,20
1503582224,20
1503582225,20
1503582226,20
1503582227,20
1503582228,20
1503582229,20
1503582230,20
1503582231,20
1503582232,20
1503582233,20
1503582234,19
1503582235,20
1503582236,20
1503582237,20
1503582238,20
1503582239,20
1503582240,20
1503582241,20
1503582242,20
1503582243,20
1503582244,20
1503582245,20
1503582246,20
1503582247,20
1503582248,20
1503582249,20
1503582250,20
1503582251,20
1503582252,20
1503582253,20
1503582254,20
1503582255,20
1503582256,20
1503582257,20
1503582258,20
1503582259,19
1503582260,20
1503582261,20
1503582262,20
1503582263,20
1503582264,20
1503582265,20
1503582266,20
1503582267,20
1503582268,20
1503582269,20
1503582270,20
1503582271,20
1503582272,20
1503582273,20
1503582274,20
1503582275,20
1503582276,20
1503582277,20
1503582278,20
1503582279,20
1503582280,20
1503582281,20
1503582282,20
1503582283,20
1503582284,20
1503582285,20
1503582286,20
1503582287,19
1503582288,20
1503582289,20
1503582290,20
1503582291,20
1503582292,20
1503582293,20
1503582294,20
1503582295,20
1503582296,20
1503582297,20
1503582298,20
1503582299,20
1503582300,20
1503582301,20
1503582302,20
1503582303,20
1503582304,20
1503582305,20
1503582306,20
1503582307,20
1503582308,20
1503582309,20
1503582310,20
1503582311,20
1503582312,19
1503582313,20
1503582314,20
1503582315,20
1503582316,20
1503582317,20
1503582318,20
1503582319,20
1503582320,20
1503582321,20
1503582322,20
1503582323,20
1503582324,20
1503582325,20
1503582326,20
1503582327,20
1503582328,20
1503582329,20
1503582330,20
1503582331,20
1503582332,20
1503582333,20
1503582334,20
1503582335,20
1503582336,20
1503582337,20
1503582338,19
1503582339,20
1503582340,20
1503582341,20
1503582342,20
1503582343,20
1503582344,20
1503582345,20
1503582346,20
1503582347,20
1503582348,20
1503582349,20
1503582350,20
1503582351,20
1503582352,20
1503582353,20
1503582354,20
1503582355,20
1503582356,20
1503582357,20
1503582358,20
1503582359,20
1503582360,20
1503582361,19
1503582362,20
1503582363,20
1503582364,20
1503582365,20
1503582366,20
1503582367,20
1503582368,20
1503582369,20
1503582370,20
1503582371,20
1503582372,20
1503582373,20
1503582374,20
1503582375,20
1503582376,20
1503582377,20
1503582378,20
1503582379,20
1503582380,20
1503582381,20
1503582382,19
1503582383,20
1503582384,20
1503582385,20
1503582386,20
1503582387,20
1503582388,20
1503582389,20
1503582390,20
1503582391,20
1503582392,20
1503582393,20
1503582394,20
1503582395,20
1503582396,20
1503582397,20
1503582398,20
1503582399,20
1503582400,20
1503582401,20
1503582402,20
1503582403,19
1503582404,20
1503582405,20
1503582406,20
1503582407,20
1503582408,20
1503582409,20
1503582410,20
1503582411,20
1503582412,20
1503582413,20
1503582414,20
1503582415,20
1503582416,20
1503582417,20
1503582418,20
1503582419,20
1503582420,20
1503582421,20
1503582422,20
1503582423,19
1503582424,20
1503582425,20
1503582426,20
1503582427,20
1503582428,20
1503582429,20
1503582430,20
1503582431,20
1503582432,20
1503582433,20
1503582434,20
1503582435,20
1503582436,20
1503582437,20
1503582438,20
1503582439,20
1503582440,20
1503582441,20
1503582442,20
1503582443,19
1503582444,20
1503582445,20
1503582446,20
1503582447,20
1503582448,20
1503582449,20
1503582450,20
1503582451,20
1503582452,20
1503582453,20
1503582454,20
1503582455,20
1503582456,20
1503582457,20
1503582458,20
1503582459,20
1503582460,20
1503582461,19
1503582462,20
1503582463,20
1503582464,20
1503582465,20
1503582466,20
1503582467,20
1503582468,20
1503582469,20
1503582470,20
1503582471,19
1503582472,20
1503582473,20
1503582474,20
1503582475,20
1503582476,20
1503582477,20
1503582478,20
1503582479,20
1503582480,20
1503582481,20
1503582482,20
1503582483,20
1503582484,20
1503582485,20
1503582486,20
1503582487,20
1503582488,19
1503582489,20
1503582490,20
1503582491,20
1503582492,20
1503582493,20
1503582494,20
1503582495,20
1503582496,20
1503582497,20
1503582498,20
1503582499,20
1503582500,20
1503582501,20
1503582502,20
1503582503,19
1503582504,20
1503582505,20
1503582506,20
1503582507,20
1503582508,20
1503582509,20
1503582510,20
1503582511,20
1503582512,20
1503582513,20
1503582514,20
1503582515,20
1503582516,20
1503582517,19
1503582518,20
1503582519,20
1503582520,20
1503582521,20
1503582522,20
1503582523,20
1503582524,20
1503582525,20
1503582526,20
1503582527,20
1503582528,20
1503582529,20
1503582530,20
1503582531,20
1503582532,20
1503582533,20
1503582534,19
1503582535,20
1503582536,20
1503582537,20
1503582538,20
1503582539,20
1503582540,20
1503582541,20
1503582542,20
1503582543,20
1503582544,20
1503582545,20
1503582546,20
1503582547,20
1503582548,20
1503582549,20
1503582550,20
1503582551,20
1503582552,19
1503582553,20
1503582554,20
1503582555,20
1503582556,20
1503582557,20
1503582558,20
1503582559,20
1503582560,20
1503582561,20
1503582562,20
1503582563,20
1503582564,20
1503582565,20
1503582566,20
1503582567,20
1503582568,20
1503582569,20
1503582570,20
1503582571,19
1503582572,20
1503582573,20
1503582574,20
1503582575,20
1503582576,20
1503582577,20
1503582578,20
1503582579,20
1503582580,20
1503582581,20
1503582582,20
1503582583,20
1503582584,20
1503582585,20
1503582586,20
1503582587,20
1503582588,20
1503582589,19
1503582590,20
1503582591,20
1503582592,20
1503582593,20
1503582594,20
1503582595,20
1503582596,20
1503582597,20
1503582598,20
1503582599,20
1503582600,20
1503582601,20
1503582602,20
1503582603,20
1503582604,20
1503582605,20
1503582606,20
1503582607,19
1503582608,20
1503582609,20
1503582610,20
1503582611,20
1503582612,20
1503582613,20
1503582614,20
1503582615,20
1503582616,20
1503582617,20
1503582618,20
1503582619,20
1503582620,20
1503582621,20
1503582622,20
1503582623,20
1503582624,52
1503582625,94
1503582626,81
1503582627,20
1503582628,20
1503582629,20
1503582630,20
1503582631,20
1503582632,20
1503582633,20
1503582634,19
1503582635,20
1503582636,20
1503582637,20
1503582638,20
1503582639,20
1503582640,20
1503582641,20
1503582642,20
1503582643,20
1503582644,20
1503582645,20
1503582646,20
1503582647,20
1503582648,20
1503582649,20
1503582650,20
1503582651,20
1503582652,20
1503582653,19
1503582654,20
1503582655,20
1503582656,20
1503582657,20
1503582658,20
1503582659,20
1503582660,20
1503582661,20
1503582662,20
1503582663,20
1503582664,20
1503582665,20
1503582666,20
1503582667,20
1503582668,20
1503582669,20
1503582670,19
1503582671,20
1503582672,20
1503582673,20
1503582674,20
1503582675,20
1503582676,20
1503582677,20
1503582678,20
1503582679,20
1503582680,20
1503582681,20
1503582682,20
1503582683,20
1503582684,19
1503582685,20
1503582686,20
1503582687,20
1503582688,20
1503582689,20
1503582690,20
1503582691,20
1503582692,20
1503582693,20
1503582694,20
1503582695,20
1503582696,20
1503582697,20
1503582698,20
1503582699,20
1503582700,20
1503582701,20
1503582702,20
1503582703,19
1503582704,20
1503582705,20
1503582706,20
1503582707,20
1503582708,20
1503582709,20
1503582710,20
1503582711,20
1503582712,20
1503582713,20
1503582714,20
1503582715,20
1503582716,20
1503582717,20
1503582718,20
1503582719,20
1503582720,20
1503582721,20
1503582722,20
1503582723,20
1503582724,19
1503582725,20
1503582726,20
1503582727,20
1503582728,20
1503582729,20
1503582730,20
1503582731,20
1503582732,20
1503582733,74
1503582734,100
1503582735,100
1503582736,99
1503582737,100
1503582738,100
1503582739,40
1503582740,20
1503582741,20
1503582742,20
1503582743,20
1503582744,20
1503582745,20
1503582746,20
1503582747,20
1503582748,20
1503582749,20
1503582750,20
1503582751,20
1503582752,20
1503582753,20
1503582754,20
1503582755,20
1503582756,19
1503582757,20
1503582758,20
1503582759,20
1503582760,20
1503582761,20
1503582762,20
1503582763,20
1503582764,20
1503582765,20
1503582766,20
1503582767,20
1503582768,20
1503582769,20
1503582770,20
1503582771,20
1503582772,20
1503582773,20
1503582774,20
1503582775,20
1503582776,20
1503582777,20
1503582778,20
1503582779,20
1503582780,20
1503582781,20
1503582782,19
1503582783,20
1503582784,20
1503582785,20
1503582786,20
1503582787,20
1503582788,20
1503582789,20
1503582790,20
1503582791,20
1503582792,20
1503582793,20
1503582794,20
1503582795,20
1503582796,20
1503582797,20
1503582798,20
1503582799,20
1503582800,20
1503582801,20
1503582802,20
1503582803,20
1503582804,20
1503582805,19
1503582806,20
1503582807,20
1503582808,20
1503582809,20
1503582810,20
1503582811,20
1503582812,20
1503582813,20
1503582814,20
1503582815,20
1503582816,20
1503582817,20
1503582818,20
1503582819,20
1503582820,20
1503582821,20
1503582822,20
1503582823,20
1503582824,20
1503582825,20
1503582826,20
1503582827,20
1503582828,20
1503582829,20
1503582830,20
1503582831,20
1503582832,19
1503582833,20
1503582834,20
1503582835,20
1503582836,20
1503582837,20
1503582838,20
1503582839,20
1503582840,20
1503582841,20
1503582842,20
1503582843,20
1503582844,20
1503582845,20
1503582846,20
1503582847,20
1503582848,20
1503582849,20
1503582850,20
1503582851,20
1503582852,20
1503582853,20
1503582854,20
1503582855,20
1503582856,20
1503582857,20
1503582858,20
1503582859,20
1503582860,20
1503582861,20
1503582862,19
1503582863,20
1503582864,20
1503582865,20
1503582866,20
1503582867,20
1503582868,20
1503582869,20
1503582870,20
1503582871,20
1503582872,20
1503582873,20
1503582874,20
1503582875,20
1503582876,20
1503582877,20
1503582878,20
1503582879,19
1503582880,20
1503582881,20
1503582882,20
1503582883,20
1503582884,20
1503582885,20
1503582886,20
1503582887,20
1503582888,20
1503582889,20
1503582890,20
1503582891,20
1503582892,20
1503582893,20
1503582894,20
1503582895,20
1503582896,20
1503582897,20
1503582898,20
1503582899,20
1503582900,20
1503582901,20
1503582902,20
1503582903,20
1503582904,20
1503582905,20
1503582906,19
1503582907,20
1503582908,20
1503582909,20
1503582910,20
1503582911,20
1503582912,20
1503582913,20
1503582914,20
1503582915,20
1503582916,20
1503582917,20
1503582918,20
1503582919,20
1503582920,20
1503582921,20
1503582922,20
1503582923,20
1503582924,20
1503582925,20
1503582926,20
1503582927,20
1503582928,20
1503582929,20
1503582930,20
1503582931,20
1503582932,20
1503582933,20
1503582934,20
1503582935,20
1503582936,20
1503582937,20
1503582938,20
1503582939,19
1503582940,20
1503582941,20
1503582942,20
1503582943,20
1503582944,20
1503582945,20
1503582946,20
1503582947,20
1503582948,20
1503582949,20
1503582950,20
1503582951,20
1503582952,20
1503582953,20
1503582954,20
1503582955,20
1503582956,20
1503582957,20
1503582958,20
1503582959,20
1503582960,20
1503582961,20
1503582962,20
1503582963,20
1503582964,20
1503582965,20
1503582966,20
1503582967,20
1503582968,20
1503582969,20
1503582970,20
1503582971,20
1503582972,20
1503582973,19
1503582974,21
1503582975,19
1503582976,20
1503582977,20
1503582978,20
1503582979,20
1503582980,20
1503582981,20
1503582982,20
1503582983,20
1503582984,20
1503582985,20
1503582986,20
1503582987,20
1503582988,20
1503582989,20
1503582990,20
1503582991,20
1503582992,20
1503582993,20
1503582994,20
1503582995,20
1503582996,20
1503582997,20
1503582998,20
1503582999,20
1503583000,20
1503583001,20
1503583002,20
1503583003,20
1503583004,20
1503583005,20
1503583006,20
1503583007,20
1503583008,20
1503583009,20
1503583010,20
1503583011,20
1503583012,19
1503583013,20
1503583014,20
1503583015,20
1503583016,20
1503583017,20
1503583018,20
1503583019,20
1503583020,20
1503583021,20
1503583022,20
1503583023,20
1503583024,20
1503583025,20
1503583026,20
1503583027,20
1503583028,20
1503583029,20
1503583030,20
1503583031,20
1503583032,20
1503583033,20
1503583034,20
1503583035,20
1503583036,20
1503583037,20
1503583038,20
1503583039,20
1503583040,20
1503583041,20
1503583042,20
1503583043,20
1503583044,20
1503583045,20
1503583046,19
1503583047,20
1503583048,20
1503583049,20
1503583050,20
1503583051,20
1503583052,20
1503583053,20
1503583054,20
1503583055,20
1503583056,20
1503583057,20
1503583058,20
1503583059,20
1503583060,20
1503583061,20
1503583062,20
1503583063,20
1503583064,20
1503583065,20
1503583066,20
1503583067,20
1503583068,20
1503583069,20
1503583070,20
1503583071,20
1503583072,20
1503583073,20
1503583074,20
1503583075,20
1503583076,20
1503583077,20
1503583078,20
1503583079,20
1503583080,20
1503583081,20
1503583082,20
1503583083,20
1503583084,20
1503583085,20
1503583086,20
1503583087,19
1503583088,20
1503583089,20
1503583090,20
1503583091,20
1503583092,20
1503583093,20
1503583094,20
1503583095,20
1503583096,20
1503583097,20
1503583098,20
1503583099,20
1503583100,20
1503583101,20
1503583102,20
1503583103,20
1503583104,20
1503583105,20
1503583106,20
1503583107,20
1503583108,20
1503583109,20
1503583110,20
1503583111,20
1503583112,20
1503583113,20
1503583114,20
1503583115,20
1503583116,20
1503583117,20
1503583118,20
1503583119,20
1503583120,20
1503583121,20
1503583122,20
1503583123,20
1503583124,20
1503583125,20
1503583126,20
1503583127,20
1503583128,20
1503583129,20
1503583130,20
1503583131,20
1503583132,20
1503583133,20
1503583134,19
1503583135,20
1503583136,20
1503583137,20
1503583138,20
1503583139,20
1503583140,20
1503583141,20
1503583142,20
1503583143,20
1503583144,20
1503583145,20
1503583146,20
1503583147,20
1503583148,20
1503583149,20
1503583150,20
1503583151,20
1503583152,20
1503583153,20
1503583154,20
1503583155,20
1503583156,20
1503583157,20
1503583158,20
1503583159,20
1503583160,20
1503583161,20
1503583162,20
1503583163,20
1503583164,20
1503583165,20
1503583166,20
1503583167,20
1503583168,20
1503583169,20
1503583170,20
1503583171,20
1503583172,20
1503583173,20
1503583174,20
1503583175,20
1503583176,20
1503583177,20
1503583178,20
1503583179,20
1503583180,20
1503583181,20
1503583182,20
1503583183,20
1503583184,20
1503583185,20
1503583186,20
1503583187,20
1503583188,20
1503583189,20
1503583190,20
1503583191,20
1503583192,19
1503583193,20
1503583194,20
1503583195,20
1503583196,20
1503583197,20
1503583198,20
1503583199,20
1503583200,20
1503583201,20
1503583202,9
